,EMBOSS,DTASelect,Solomon,Sillero,Rodwell,Patrickios,Wikipedia,Grimsley,Lehninger,Bjellqvist,IPC_peptide,IPC_protein,Toseland,Thurlkill,Nozaki,Dawson
tingzhou,8.302041015624999,8.214267578125,8.141123046875,8.594619140625001,8.126494140625,3.973388671875,8.009462890625,7.073212890625001,8.155751953125,8.492216796875,8.141123046875,7.3657910156250015,7.014697265625001,8.272783203125,8.667763671875,8.097236328125
