,EMBOSS,DTASelect,Solomon,Sillero,Rodwell,Patrickios,Wikipedia,Grimsley,Lehninger,Bjellqvist,IPC_peptide,IPC_protein,Toseland,Thurlkill,Nozaki,Dawson
PBG12-H10,7.746142578124999,7.672998046875,7.512080078124999,7.994833984375001,7.497451171874999,3.820810546875,7.409677734375,6.722119140625001,7.526708984374999,7.848544921875,7.512080078124999,6.839150390625001,6.648974609374999,7.716884765625,8.009462890625,7.482822265625
PBG12-H12,7.746142578124999,7.687626953124999,7.512080078124999,7.994833984375001,7.497451171874999,3.731806640625,7.409677734375,6.736748046875,7.541337890625,7.848544921875,7.512080078124999,6.839150390625001,6.663603515625001,7.731513671875,8.009462890625,7.482822265625
PBG12-H21,7.570595703124999,7.512080078124999,7.307275390625001,7.775400390625,7.292646484375,3.8589550781249997,7.219501953125,6.619716796875,7.321904296875001,7.570595703124999,7.307275390625001,6.692861328125,6.561201171875,7.5559667968749995,7.716884765625,7.2780175781250005
PBG12-H23,8.111865234375001,8.024091796875,7.936318359374999,8.404443359375,7.9216894531249995,3.757236328125,7.804658203124999,6.941552734375,7.950947265625,8.302041015624999,7.9216894531249995,7.190244140625001,6.883037109375,8.082607421875,8.462958984375001,7.892431640625
PBG12-H33,7.863173828124999,7.804658203124999,7.658369140625,8.141123046875,7.643740234374999,3.7190917968750004,7.541337890625,6.809892578125,7.672998046875,8.024091796875,7.658369140625,6.956181640625001,6.736748046875,7.848544921875,8.185009765624999,7.629111328124999
PBG12-H34,8.024091796875,7.950947265625,7.848544921875,8.302041015624999,7.833916015625,3.7445214843750003,7.716884765625,6.897666015625001,7.863173828124999,8.185009765624999,7.833916015625,7.102470703125,6.8245214843749995,7.994833984375001,8.345927734375001,7.804658203124999
PBG12-H36,7.892431640625,7.819287109374999,7.687626953124999,8.170380859375,7.672998046875,3.871669921875,7.570595703124999,6.8245214843749995,7.702255859374999,8.024091796875,7.672998046875,6.970810546875001,6.751376953125,7.863173828124999,8.228896484375001,7.643740234374999
PBG12-H40,8.009462890625,7.9216894531249995,7.819287109374999,8.287412109375,7.804658203124999,3.8335253906249998,7.702255859374999,6.883037109375,7.833916015625,8.185009765624999,7.819287109374999,7.087841796875001,6.809892578125,7.980205078125,8.360556640625001,7.775400390625
